Title,URL,Description,Details,ShortDetails,Resource,Type,Identifiers,Db,EntrezUID,Properties
"Ancestry of the 4-chlorobenzoate dehalogenase: analysis of amino acid sequence identities among families of acyl:adenyl ligases, enoyl-CoA hydratases/isomerases, and acyl-CoA thioesterases.","/pubmed/1351742","Babbitt PC, Kenyon GL, Martin BM, Charest H, Slyvestre M, Scholten JD, Chang KH, Liang PH, Dunaway-Mariano D.","Biochemistry. 1992 Jun 23;31(24):5594-604.","Biochemistry.  1992","PubMed","citation","PMID:1351742","pubmed","1351742","create date:1992/06/23 | first author:Babbitt PC",
"Cloning and disruption of a gene required for growth on acetate but not on ethanol: the acetyl-coenzyme A synthetase gene of Saccharomyces cerevisiae.","/pubmed/1363452","De Virgilio C, Bürckert N, Barth G, Neuhaus JM, Boller T, Wiemken A.","Yeast. 1992 Dec;8(12):1043-51.","Yeast.  1992","PubMed","citation","PMID:1363452","pubmed","1363452","create date:1992/12/01 | first author:De Virgilio C",
"Biosynthesis of D-alanyl-lipoteichoic acid: cloning, nucleotide sequence, and expression of the Lactobacillus casei gene for the D-alanine-activating enzyme.","/pubmed/1385594","Heaton MP, Neuhaus FC.","J Bacteriol. 1992 Jul;174(14):4707-17.","J Bacteriol.  1992","PubMed","citation","PMID:1385594 | PMCID:PMC206267","pubmed","1385594","create date:1992/07/01 | first author:Heaton MP",
"Cloning and functional expression of a novel long-chain acyl-CoA synthetase expressed in brain.","/pubmed/1569043","Fujino T, Yamamoto T.","J Biochem. 1992 Feb;111(2):197-203.","J Biochem.  1992","PubMed","citation","PMID:1569043","pubmed","1569043","create date:1992/02/01 | first author:Fujino T",
"Isolation of a Saccharomyces cerevisiae long chain fatty acyl:CoA synthetase gene (FAA1) and assessment of its role in protein N-myristoylation.","/pubmed/1572893","Duronio RJ, Knoll LJ, Gordon JI.","J Cell Biol. 1992 May;117(3):515-29.","J Cell Biol.  1992","PubMed","citation","PMID:1572893 | PMCID:PMC2289438","pubmed","1572893","create date:1992/05/01 | first author:Duronio RJ",
"Human long-chain acyl-CoA synthetase: structure and chromosomal location.","/pubmed/1607358","Abe T, Fujino T, Fukuyama R, Minoshima S, Shimizu N, Toh H, Suzuki H, Yamamoto T.","J Biochem. 1992 Jan;111(1):123-8.","J Biochem.  1992","PubMed","citation","PMID:1607358","pubmed","1607358","create date:1992/01/01 | first author:Abe T",
"Sequence organization and regulation of the Bacillus subtilis menBE operon.","/pubmed/1629163","Driscoll JR, Taber HW.","J Bacteriol. 1992 Aug;174(15):5063-71.","J Bacteriol.  1992","PubMed","citation","PMID:1629163 | PMCID:PMC206322","pubmed","1629163","create date:1992/08/01 | first author:Driscoll JR",
"Cloning, sequence analysis, and functional expression of the acetyl coenzyme A synthetase gene from Methanothrix soehngenii in Escherichia coli.","/pubmed/1680850","Eggen RI, Geerling AC, Boshoven AB, de Vos WM.","J Bacteriol. 1991 Oct;173(20):6383-9.","J Bacteriol.  1991","PubMed","citation","PMID:1680850 | PMCID:PMC208970","pubmed","1680850","create date:1991/10/01 | first author:Eggen RI",
"Characterization of the Cephalosporium acremonium pcbAB gene encoding alpha-aminoadipyl-cysteinyl-valine synthetase, a large multidomain peptide synthetase: linkage to the pcbC gene as a cluster of early cephalosporin biosynthetic genes and evidence of multiple functional domains.","/pubmed/1706706","Gutiérrez S, Díez B, Montenegro E, Martín JF.","J Bacteriol. 1991 Apr;173(7):2354-65.","J Bacteriol.  1991","PubMed","citation","PMID:1706706 | PMCID:PMC207788","pubmed","1706706","create date:1991/04/01 | first author:Gutiérrez S",
"Nucleotide sequence of the LYS2 gene of Saccharomyces cerevisiae: homology to Bacillus brevis tyrocidine synthetase 1.","/pubmed/2013406","Morris ME, Jinks-Robertson S.","Gene. 1991 Feb 1;98(1):141-5.","Gene.  1991","PubMed","citation","PMID:2013406","pubmed","2013406","create date:1991/02/01 | first author:Morris ME",
"Delta-(L-alpha-aminoadipyl)-L-cysteinyl-D-valine synthetase from Aspergillus nidulans. Molecular characterization of the acvA gene encoding the first enzyme of the penicillin biosynthetic pathway.","/pubmed/2061333","MacCabe AP, van Liempt H, Palissa H, Unkles SE, Riach MB, Pfeifer E, von Döhren H, Kinghorn JR.","J Biol Chem. 1991 Jul 5;266(19):12646-54.","J Biol Chem.  1991","PubMed","citation","PMID:2061333","pubmed","2061333","create date:1991/07/05 | first author:MacCabe AP",
"Cloning and sequencing of a bile acid-inducible operon from Eubacterium sp. strain VPI 12708.","/pubmed/2254270","Mallonee DH, White WB, Hylemon PB.","J Bacteriol. 1990 Dec;172(12):7011-9.","J Bacteriol.  1990","PubMed","citation","PMID:2254270 | PMCID:PMC210822","pubmed","2254270","create date:1990/12/01 | first author:Mallonee DH",
"A regulatory gene, angR, of the iron uptake system of Vibrio anguillarum: similarity with phage P22 cro and regulation by iron.","/pubmed/2311935","Farrell DH, Mikesell P, Actis LA, Crosa JH.","Gene. 1990 Jan 31;86(1):45-51.","Gene.  1990","PubMed","citation","PMID:2311935","pubmed","2311935","create date:1990/01/31 | first author:Farrell DH",
"Structure and regulation of rat long-chain acyl-CoA synthetase.","/pubmed/2341402","Suzuki H, Kawarabayasi Y, Kondo J, Abe T, Nishikawa K, Kimura S, Hashimoto T, Yamamoto T.","J Biol Chem. 1990 May 25;265(15):8681-5.","J Biol Chem.  1990","PubMed","citation","PMID:2341402","pubmed","2341402","create date:1990/05/25 | first author:Suzuki H",
"Cloning and sequence analysis of cDNA for luciferase of a Japanese firefly, Luciola cruciata.","/pubmed/2473944","Masuda T, Tatsumi H, Nakano E.","Gene. 1989 Apr 30;77(2):265-70.","Gene.  1989","PubMed","citation","PMID:2473944","pubmed","2473944","create date:1989/04/30 | first author:Masuda T",
"Firefly luciferase gene: structure and expression in mammalian cells.","/pubmed/3821727","de Wet JR, Wood KV, DeLuca M, Helinski DR, Subramani S.","Mol Cell Biol. 1987 Feb;7(2):725-37.","Mol Cell Biol.  1987","PubMed","citation","PMID:3821727 | PMCID:PMC365129","pubmed","3821727","create date:1987/02/01 | first author:de Wet JR",
"The Arabidopsis thaliana 4-coumarate:CoA ligase (4CL) gene: stress and developmentally regulated expression and nucleotide sequence of its cDNA.","/pubmed/7640359","Lee D, Ellard M, Wanner LA, Davis KR, Douglas CJ.","Plant Mol Biol. 1995 Aug;28(5):871-84.","Plant Mol Biol.  1995","PubMed","citation","PMID:7640359","pubmed","7640359","create date:1995/08/01 | first author:Lee D",
"ACS2, a Saccharomyces cerevisiae gene encoding acetyl-coenzyme A synthetase, essential for growth on glucose.","/pubmed/7649171","Van den Berg MA, Steensma HY.","Eur J Biochem. 1995 Aug 1;231(3):704-13.","Eur J Biochem.  1995","PubMed","citation","PMID:7649171","pubmed","7649171","create date:1995/08/01 | first author:Van den Berg MA",
"Transposon mutagenesis and cloning of the genes encoding the enzymes of fengycin biosynthesis in Bacillus subtilis.","/pubmed/7651334","Chen CL, Chang LK, Chang YS, Liu ST, Tschen JS.","Mol Gen Genet. 1995 Jul 28;248(2):121-5.","Mol Gen Genet.  1995","PubMed","citation","PMID:7651334","pubmed","7651334","create date:1995/07/28 | first author:Chen CL",
"Sequence around the 159 degree region of the Bacillus subtilis genome: the pksX locus spans 33.6 kb.","/pubmed/7704258","Albertini AM, Caramori T, Scoffone F, Scotti C, Galizzi A.","Microbiology. 1995 Feb;141 ( Pt 2):299-309.","Microbiology.  1995","PubMed","citation","PMID:7704258","pubmed","7704258","create date:1995/02/01 | first author:Albertini AM",
"Complete DNA sequence of yeast chromosome II.","/pubmed/7813418","Feldmann H, Aigle M, Aljinovic G, André B, Baclet MC, Barthe C, Baur A, Bécam AM, Biteau N, Boles E, Brandt T, Brendel M, Brückner M, Bussereau F, Christiansen C, Contreras R, Crouzet M, Cziepluch C, Démolis N, Delaveau T, Doignon F, Domdey H, et al.","EMBO J. 1994 Dec 15;13(24):5795-809.","EMBO J.  1994","PubMed","citation","PMID:7813418 | PMCID:PMC395553","pubmed","7813418","create date:1994/12/15 | first author:Feldmann H",
"Molecular characterization of the cai operon necessary for carnitine metabolism in Escherichia coli.","/pubmed/7815937","Eichler K, Bourgis F, Buchet A, Kleber HP, Mandrand-Berthelot MA.","Mol Microbiol. 1994 Sep;13(5):775-86.","Mol Microbiol.  1994","PubMed","citation","PMID:7815937","pubmed","7815937","create date:1994/09/01 | first author:Eichler K",
"Human SA gene locus as a candidate locus for essential hypertension.","/pubmed/7907320","Iwai N, Ohmichi N, Hanai K, Nakamura Y, Kinoshita M.","Hypertension. 1994 Mar;23(3):375-80.","Hypertension.  1994","PubMed","citation","PMID:7907320","pubmed","7907320","create date:1994/03/01 | first author:Iwai N",
"Identification of genes involved in utilization of acetate and acetoin in Bacillus subtilis.","/pubmed/7934817","Grundy FJ, Waters DA, Takova TY, Henkin TM.","Mol Microbiol. 1993 Oct;10(2):259-71.","Mol Microbiol.  1993","PubMed","citation","PMID:7934817","pubmed","7934817","create date:1993/10/01 | first author:Grundy FJ",
"Bacillus subtilis genome project: cloning and sequencing of the 97 kb region from 325 degrees to 333 degrees.","/pubmed/7934828","Glaser P, Kunst F, Arnaud M, Coudart MP, Gonzales W, Hullo MF, Ionescu M, Lubochinsky B, Marcelino L, Moszer I, et al.","Mol Microbiol. 1993 Oct;10(2):371-84.","Mol Microbiol.  1993","PubMed","citation","PMID:7934828","pubmed","7934828","create date:1993/10/01 | first author:Glaser P",
"Expression cloning and characterization of a novel adipocyte long chain fatty acid transport protein.","/pubmed/7954810","Schaffer JE, Lodish HF.","Cell. 1994 Nov 4;79(3):427-36.","Cell.  1994","PubMed","citation","PMID:7954810","pubmed","7954810","create date:1994/11/04 | first author:Schaffer JE",
"Saccharomyces cerevisiae contains four fatty acid activation (FAA) genes: an assessment of their role in regulating protein N-myristoylation and cellular lipid metabolism.","/pubmed/7962057","Johnson DR, Knoll LJ, Levin DE, Gordon JI.","J Cell Biol. 1994 Nov;127(3):751-62.","J Cell Biol.  1994","PubMed","citation","PMID:7962057 | PMCID:PMC2120220","pubmed","7962057","create date:1994/11/01 | first author:Johnson DR",
"Genetic analysis of the role of Saccharomyces cerevisiae acyl-CoA synthetase genes in regulating protein N-myristoylation.","/pubmed/8027063","Johnson DR, Knoll LJ, Rowley N, Gordon JI.","J Biol Chem. 1994 Jul 8;269(27):18037-46.","J Biol Chem.  1994","PubMed","citation","PMID:8027063","pubmed","8027063","create date:1994/07/08 | first author:Johnson DR",
"The fadD gene of Escherichia coli K12 is located close to rnd at 39.6 min of the chromosomal map and is a new member of the AMP-binding protein family.","/pubmed/8107670","Fulda M, Heinz E, Wolter FP.","Mol Gen Genet. 1994 Feb;242(3):241-9.","Mol Gen Genet.  1994","PubMed","citation","PMID:8107670","pubmed","8107670","create date:1994/02/01 | first author:Fulda M",
"Analysis of the Escherichia coli genome. IV. DNA sequence of the region from 89.2 to 92.8 minutes.","/pubmed/8265357","Blattner FR, Burland V, Plunkett G 3rd, Sofia HJ, Daniels DL.","Nucleic Acids Res. 1993 Nov 25;21(23):5408-17.","Nucleic Acids Res.  1993","PubMed","citation","PMID:8265357 | PMCID:PMC310579","pubmed","8265357","create date:1993/11/25 | first author:Blattner FR",
"4-Hydroxybenzoate-coenzyme A ligase from Rhodopseudomonas palustris: purification, gene sequence, and role in anaerobic degradation.","/pubmed/8300518","Gibson J, Dispensa M, Fogg GC, Evans DT, Harwood CS.","J Bacteriol. 1994 Feb;176(3):634-41.","J Bacteriol.  1994","PubMed","citation","PMID:8300518 | PMCID:PMC205099","pubmed","8300518","create date:1994/02/01 | first author:Gibson J",
"Sequence and function of the aas gene in Escherichia coli.","/pubmed/8300626","Jackowski S, Jackson PD, Rock CO.","J Biol Chem. 1994 Jan 28;269(4):2921-8.","J Biol Chem.  1994","PubMed","citation","PMID:8300626","pubmed","8300626","create date:1994/01/28 | first author:Jackowski S",
"Luciferase from the east European firefly Luciola mingrelica: cloning and nucleotide sequence of the cDNA, overexpression in Escherichia coli and purification of the enzyme.","/pubmed/8504162","Devine JH, Kutuzova GD, Green VA, Ugarova NN, Baldwin TO.","Biochim Biophys Acta. 1993 May 28;1173(2):121-32.","Biochim Biophys Acta.  1993","PubMed","citation","PMID:8504162","pubmed","8504162","create date:1993/05/28 | first author:Devine JH",
"Molecular properties of the lys1+ gene and the regulation of alpha-aminoadipate reductase in Schizosaccharomyces pombe.","/pubmed/8590464","Ford RA, Bhattacharjee JK.","Curr Genet. 1995 Jul;28(2):131-7.","Curr Genet.  1995","PubMed","citation","PMID:8590464","pubmed","8590464","create date:1995/07/01 | first author:Ford RA",
"Menaquinone (vitamin K2) biosynthesis: localization and characterization of the menE gene from Escherichia coli.","/pubmed/8626063","Sharma V, Hudspeth ME, Meganathan R.","Gene. 1996 Feb 2;168(1):43-8.","Gene.  1996","PubMed","citation","PMID:8626063","pubmed","8626063","create date:1996/02/02 | first author:Sharma V",
"Molecular characterization and expression of rat acyl-CoA synthetase 3.","/pubmed/8663269","Fujino T, Kang MJ, Suzuki H, Iijima H, Yamamoto T.","J Biol Chem. 1996 Jul 12;271(28):16748-52.","J Biol Chem.  1996","PubMed","citation","PMID:8663269","pubmed","8663269","create date:1996/07/12 | first author:Fujino T",
"Two divergent members of a tobacco 4-coumarate:coenzyme A ligase (4CL) gene family. cDNA structure, gene inheritance and expression, and properties of recombinant proteins.","/pubmed/8819324","Lee D, Douglas CJ.","Plant Physiol. 1996 Sep;112(1):193-205.","Plant Physiol.  1996","PubMed","citation","PMID:8819324 | PMCID:PMC157938","pubmed","8819324","create date:1996/09/01 | first author:Lee D",
"Molecular cloning of cDNA encoding rat very long-chain acyl-CoA synthetase.","/pubmed/8939997","Uchiyama A, Aoyama T, Kamijo K, Uchida Y, Kondo N, Orii T, Hashimoto T.","J Biol Chem. 1996 Nov 29;271(48):30360-5.","J Biol Chem.  1996","PubMed","citation","PMID:8939997","pubmed","8939997","create date:1996/11/29 | first author:Uchiyama A",
"Molecular cloning and expression in different microbes of the DNA encoding Pseudomonas putida U phenylacetyl-CoA ligase. Use of this gene to improve the rate of benzylpenicillin biosynthesis in Penicillium chrysogenum.","/pubmed/8969218","Miñambres B, Martínez-Blanco H, Olivera ER, García B, Díez B, Barredo JL, Moreno MA, Schleissner C, Salto F, Luengo JM.","J Biol Chem. 1996 Dec 27;271(52):33531-8.","J Biol Chem.  1996","PubMed","citation","PMID:8969218","pubmed","8969218","create date:1996/12/27 | first author:Miñambres B",
"Disruption of the Saccharomyces cerevisiae homologue to the murine fatty acid transport protein impairs uptake and growth on long-chain fatty acids.","/pubmed/9079682","Faergeman NJ, DiRusso CC, Elberger A, Knudsen J, Black PN.","J Biol Chem. 1997 Mar 28;272(13):8531-8.","J Biol Chem.  1997","PubMed","citation","PMID:9079682","pubmed","9079682","create date:1997/03/28 | first author:Faergeman NJ",
"A novel arachidonate-preferring acyl-CoA synthetase is present in steroidogenic cells of the rat adrenal, ovary, and testis.","/pubmed/9096315","Kang MJ, Fujino T, Sasano H, Minekura H, Yabuki N, Nagura H, Iijima H, Yamamoto TT.","Proc Natl Acad Sci U S A. 1997 Apr 1;94(7):2880-4.","Proc Natl Acad Sci U S A.  1997","PubMed","citation","PMID:9096315 | PMCID:PMC20291","pubmed","9096315","create date:1997/04/01 | first author:Kang MJ",
"A 570-kb DNA sequence of the Escherichia coli K-12 genome corresponding to the 28.0-40.1 min region on the linkage map.","/pubmed/9097039","Aiba H, Baba T, Hayashi K, Inada T, Isono K, Itoh T, Kasai H, Kashimoto K, Kimura S, Kitakawa M, Kitagawa M, Makino K, Miki T, Mizobuchi K, Mori H, Mori T, Motomura K, Nakade S, Nakamura Y, Nashimoto H, Nishio Y, Oshima T, et al.","DNA Res. 1996 Dec 31;3(6):363-77.","DNA Res.  1996","PubMed","citation","PMID:9097039","pubmed","9097039","create date:1996/12/31 | first author:Aiba H",
"Human acyl-coenzyme A synthetase 3 cDNA and localization of its gene (ACS3) to chromosome band 2q34-q35.","/pubmed/9177793","Minekura H, Fujino T, Kang MJ, Fujita T, Endo Y, Yamamoto TT.","Genomics. 1997 May 15;42(1):180-1. No abstract available. ","Genomics.  1997","PubMed","citation","PMID:9177793","pubmed","9177793","create date:1997/05/15 | first author:Minekura H",
"DNA sequencing and analysis of 130 kb from yeast chromosome XV.","/pubmed/9200815","Voss H, Benes V, Andrade MA, Valencia A, Rechmann S, Teodoru C, Schwager C, Paces V, Sander C, Ansorge W.","Yeast. 1997 Jun 15;13(7):655-72.","Yeast.  1997","PubMed","citation","PMID:9200815","pubmed","9200815","create date:1997/06/15 | first author:Voss H",
"The complete genome sequence of the hyperthermophilic, sulphate-reducing archaeon Archaeoglobus fulgidus.","/pubmed/9389475","Klenk HP, Clayton RA, Tomb JF, White O, Nelson KE, Ketchum KA, Dodson RJ, Gwinn M, Hickey EK, Peterson JD, Richardson DL, Kerlavage AR, Graham DE, Kyrpides NC, Fleischmann RD, Quackenbush J, Lee NH, Sutton GG, Gill S, Kirkness EF, Dougherty BA, McKenney K, et al.","Nature. 1997 Nov 27;390(6658):364-70. Erratum in: Nature 1998 Jul 2;394(6688):101. ","Nature.  1997","PubMed","citation","PMID:9389475","pubmed","9389475","create date:1997/12/06 | first author:Klenk HP",
"Identification of androgen-regulated genes in mouse kidney by representational difference analysis and random arbitrarily primed polymerase chain reaction.","/pubmed/9449642","Melià MJ, Bofill N, Hubank M, Meseguer A.","Endocrinology. 1998 Feb;139(2):688-95.","Endocrinology.  1998","PubMed","citation","PMID:9449642","pubmed","9449642","create date:1998/02/04 | first author:Melià MJ",
"cDNA cloning and mRNA distribution of a mouse very long-chain acyl-CoA synthetase.","/pubmed/9559670","Berger J, Truppe C, Neumann H, Forss-Petter S.","FEBS Lett. 1998 Mar 27;425(2):305-9.","FEBS Lett.  1998","PubMed","citation","PMID:9559670","pubmed","9559670","create date:1998/04/29 | first author:Berger J",
"Cloning, expression, and chromosomal localization of human long-chain fatty acid-CoA ligase 4 (FACL4).","/pubmed/9598324","Cao Y, Traer E, Zimmerman GA, McIntyre TM, Prescott SM.","Genomics. 1998 Apr 15;49(2):327-30.","Genomics.  1998","PubMed","citation","PMID:9598324","pubmed","9598324","create date:1998/05/23 | first author:Cao Y",
"Deciphering the biology of Mycobacterium tuberculosis from the complete genome sequence.","/pubmed/9634230","Cole ST, Brosch R, Parkhill J, Garnier T, Churcher C, Harris D, Gordon SV, Eiglmeier K, Gas S, Barry CE 3rd, Tekaia F, Badcock K, Basham D, Brown D, Chillingworth T, Connor R, Davies R, Devlin K, Feltwell T, Gentles S, Hamlin N, Holroyd S, et al.","Nature. 1998 Jun 11;393(6685):537-44. Erratum in: Nature 1998 Nov 12;396(6707):190. ","Nature.  1998","PubMed","citation","PMID:9634230","pubmed","9634230","create date:1998/06/20 | first author:Cole ST",
"A novel relative of the very-long-chain acyl-CoA synthetase and fatty acid transporter protein genes with a distinct expression pattern.","/pubmed/9642112","Berger J, Truppe C, Neumann H, Forss-Petter S.","Biochem Biophys Res Commun. 1998 Jun 18;247(2):255-60.","Biochem Biophys Res Commun.  1998","PubMed","citation","PMID:9642112","pubmed","9642112","create date:1998/06/27 | first author:Berger J",
"A novel acyl-CoA synthetase, ACS5, expressed in intestinal epithelial cells and proliferating preadipocytes.","/pubmed/9722683","Oikawa E, Iijima H, Suzuki T, Sasano H, Sato H, Kamataki A, Nagura H, Kang MJ, Fujino T, Suzuki H, Yamamoto TT.","J Biochem. 1998 Sep;124(3):679-85.","J Biochem.  1998","PubMed","citation","PMID:9722683","pubmed","9722683","create date:1998/09/02 | first author:Oikawa E",
"Catabolism of phenylacetic acid in Escherichia coli. Characterization of a new aerobic hybrid pathway.","/pubmed/9748275","Ferrández A, Miñambres B, García B, Olivera ER, Luengo JM, García JL, Díaz E.","J Biol Chem. 1998 Oct 2;273(40):25974-86.","J Biol Chem.  1998","PubMed","citation","PMID:9748275","pubmed","9748275","create date:1998/09/25 | first author:Ferrández A",
"Genome sequence of the nematode C. elegans: a platform for investigating biology.","/pubmed/9851916","C. elegans Sequencing Consortium..","Science. 1998 Dec 11;282(5396):2012-8. Review. Erratum in: Science 1999 Jan 1;283(5398):35.  Science 1999 Mar 26;283(5410):2103.  Science 1999 Sep 3;285(5433):1493. ","Science.  1998","PubMed","citation","PMID:9851916","pubmed","9851916","create date:1998/12/16 | first author:C. elegans Sequencing Consortium.",
"Tissue distribution and cDNA cloning of a human fatty acid transport protein (hsFATP4).","/pubmed/9878842","Fitscher BA, Riedel HD, Young KC, Stremmel W.","Biochim Biophys Acta. 1998 Dec 22;1443(3):381-5.","Biochim Biophys Acta.  1998","PubMed","citation","PMID:9878842","pubmed","9878842","create date:1999/01/08 | first author:Fitscher BA",
"Human very-long-chain acyl-CoA synthetase: cloning, topography, and relevance to branched-chain fatty acid metabolism.","/pubmed/10198260","Steinberg SJ, Wang SJ, Kim DG, Mihalik SJ, Watkins PA.","Biochem Biophys Res Commun. 1999 Apr 13;257(2):615-21.","Biochem Biophys Res Commun.  1999","PubMed","citation","PMID:10198260","pubmed","10198260","create date:1999/04/13 | first author:Steinberg SJ",
"Prediction of the coding sequences of unidentified human genes. XIII. The complete sequences of 100 new cDNA clones from brain which code for large proteins in vitro.","/pubmed/10231032","Nagase T, Ishikawa K, Suyama M, Kikuno R, Hirosawa M, Miyajima N, Tanaka A, Kotani H, Nomura N, Ohara O.","DNA Res. 1999 Feb 26;6(1):63-70.","DNA Res.  1999","PubMed","citation","PMID:10231032","pubmed","10231032","create date:1999/05/07 | first author:Nagase T",
"High-efficiency full-length cDNA cloning.","/pubmed/10349636","Carninci P, Hayashizaki Y.","Methods Enzymol. 1999;303:19-44. No abstract available. ","Methods Enzymol.  1999","PubMed","citation","PMID:10349636","pubmed","10349636","create date:1999/06/01 | first author:Carninci P",
"Cloning, sequence analysis, and expression of active Phrixothrix railroad-worms luciferases: relationship between bioluminescence spectra and primary structures.","/pubmed/10387072","Viviani VR, Bechara EJ, Ohmiya Y.","Biochemistry. 1999 Jun 29;38(26):8271-9.","Biochemistry.  1999","PubMed","citation","PMID:10387072","pubmed","10387072","create date:1999/07/01 | first author:Viviani VR",
"Three 4-coumarate:coenzyme A ligases in Arabidopsis thaliana represent two evolutionarily divergent classes in angiosperms.","/pubmed/10417722","Ehlting J, Büttner D, Wang Q, Douglas CJ, Somssich IE, Kombrink E.","Plant J. 1999 Jul;19(1):9-20.","Plant J.  1999","PubMed","citation","PMID:10417722","pubmed","10417722","create date:1999/07/27 | first author:Ehlting J",
"Human liver-specific very-long-chain acyl-coenzyme A synthetase: cDNA cloning and characterization of a second enzymatically active protein.","/pubmed/10479480","Steinberg SJ, Wang SJ, McGuinness MC, Watkins PA.","Mol Genet Metab. 1999 Sep;68(1):32-42.","Mol Genet Metab.  1999","PubMed","citation","PMID:10479480","pubmed","10479480","create date:1999/09/10 | first author:Steinberg SJ",
"Isolation and sequencing of cDNAs for the XL-I and XL-III forms of bovine liver xenobiotic-metabolizing medium-chain fatty acid:CoA ligase.","/pubmed/10561077","Vessey DA, Lau E, Kelley M.","J Biochem Mol Toxicol. 2000;14(1):11-9.","J Biochem Mol Toxicol.  2000","PubMed","citation","PMID:10561077","pubmed","10561077","create date:1999/11/24 | first author:Vessey DA",
"Biochemical and molecular characterization of phenylacetate-coenzyme A ligase, an enzyme catalyzing the first step in aerobic metabolism of phenylacetic acid in Azoarcus evansii.","/pubmed/10629172","El-Said Mohamed M.","J Bacteriol. 2000 Jan;182(2):286-94.","J Bacteriol.  2000","PubMed","citation","PMID:10629172 | PMCID:PMC94275","pubmed","10629172","create date:2000/01/12 | first author:El-Said Mohamed M",
"cDNA-derived amino acid sequence of acetoacetyl-CoA synthetase from rat liver.","/pubmed/10682835","Iwahori A, Takahashi N, Nakamoto M, Iwama M, Fukui T.","FEBS Lett. 2000 Jan 28;466(2-3):239-43.","FEBS Lett.  2000","PubMed","citation","PMID:10682835","pubmed","10682835","create date:2000/02/22 | first author:Iwahori A",
"The genome sequence of Drosophila melanogaster.","/pubmed/10731132","Adams MD, Celniker SE, Holt RA, Evans CA, Gocayne JD, Amanatides PG, Scherer SE, Li PW, Hoskins RA, Galle RF, George RA, Lewis SE, Richards S, Ashburner M, Henderson SN, Sutton GG, Wortman JR, Yandell MD, Zhang Q, Chen LX, Brandon RC, Rogers YH, et al.","Science. 2000 Mar 24;287(5461):2185-95.","Science.  2000","PubMed","citation","PMID:10731132","pubmed","10731132","create date:2000/03/25 | first author:Adams MD",
"Structural analysis of Arabidopsis thaliana chromosome 3. I. Sequence features of the regions of 4,504,864 bp covered by sixty P1 and TAC clones.","/pubmed/10819329","Sato S, Nakamura Y, Kaneko T, Katoh T, Asamizu E, Tabata S.","DNA Res. 2000 Apr 28;7(2):131-5.","DNA Res.  2000","PubMed","citation","PMID:10819329","pubmed","10819329","create date:2000/05/20 | first author:Sato S",
"Molecular characterization of human acetyl-CoA synthetase, an enzyme regulated by sterol regulatory element-binding proteins.","/pubmed/10843999","Luong A, Hannah VC, Brown MS, Goldstein JL.","J Biol Chem. 2000 Aug 25;275(34):26458-66.","J Biol Chem.  2000","PubMed","citation","PMID:10843999","pubmed","10843999","create date:2000/06/14 | first author:Luong A",
"The role of pyruvate dehydrogenase and acetyl-coenzyme A synthetase in fatty acid synthesis in developing Arabidopsis seeds.","/pubmed/10859180","Ke J, Behal RH, Back SL, Nikolau BJ, Wurtele ES, Oliver DJ.","Plant Physiol. 2000 Jun;123(2):497-508.","Plant Physiol.  2000","PubMed","citation","PMID:10859180 | PMCID:PMC59018","pubmed","10859180","create date:2000/06/20 | first author:Ke J",
"Regulation by adrenocorticotropic hormone and arachidonate of the expression of acyl-CoA synthetase 4, an arachidonate-preferring enzyme expressed in steroidogenic tissues.","/pubmed/10924347","Cho YY, Kang MJ, Ogawa S, Yamashita Y, Fujino T, Yamamoto TT.","Biochem Biophys Res Commun. 2000 Aug 11;274(3):741-5.","Biochem Biophys Res Commun.  2000","PubMed","citation","PMID:10924347","pubmed","10924347","create date:2000/08/05 | first author:Cho YY",
"Complete genome sequence of Pseudomonas aeruginosa PAO1, an opportunistic pathogen.","/pubmed/10984043","Stover CK, Pham XQ, Erwin AL, Mizoguchi SD, Warrener P, Hickey MJ, Brinkman FS, Hufnagle WO, Kowalik DJ, Lagrou M, Garber RL, Goltry L, Tolentino E, Westbrock-Wadman S, Yuan Y, Brody LL, Coulter SN, Folger KR, Kas A, Larbig K, Lim R, Smith K, et al.","Nature. 2000 Aug 31;406(6799):959-64.","Nature.  2000","PubMed","citation","PMID:10984043","pubmed","10984043","create date:2000/09/13 | first author:Stover CK",
"Novel acyl-CoA synthetase in adrenoleukodystrophy target tissues.","/pubmed/11112418","Moriya-Sato A, Hida A, Inagawa-Ogashiwa M, Wada MR, Sugiyama K, Shimizu J, Yabuki T, Seyama Y, Hashimoto N.","Biochem Biophys Res Commun. 2000 Dec 9;279(1):62-8.","Biochem Biophys Res Commun.  2000","PubMed","citation","PMID:11112418","pubmed","11112418","create date:2000/12/09 | first author:Moriya-Sato A",
"Sequence and analysis of chromosome 1 of the plant Arabidopsis thaliana.","/pubmed/11130712","Theologis A, Ecker JR, Palm CJ, Federspiel NA, Kaul S, White O, Alonso J, Altafi H, Araujo R, Bowman CL, Brooks SY, Buehler E, Chan A, Chao Q, Chen H, Cheuk RF, Chin CW, Chung MK, Conn L, Conway AB, Conway AR, Creasy TH, et al.","Nature. 2000 Dec 14;408(6814):816-20.","Nature.  2000","PubMed","citation","PMID:11130712","pubmed","11130712","create date:2000/12/29 | first author:Theologis A",
"Sequence and analysis of chromosome 3 of the plant Arabidopsis thaliana.","/pubmed/11130713","Salanoubat M, Lemcke K, Rieger M, Ansorge W, Unseld M, Fartmann B, Valle G, Blöcker H, Perez-Alonso M, Obermaier B, Delseny M, Boutry M, Grivell LA, Mache R, Puigdomènech P, De Simone V, Choisne N, Artiguenave F, Robert C, Brottier P, Wincker P, Cattolico L, et al.","Nature. 2000 Dec 14;408(6814):820-2.","Nature.  2000","PubMed","citation","PMID:11130713","pubmed","11130713","create date:2000/12/29 | first author:Salanoubat M",
"Sequence and analysis of chromosome 5 of the plant Arabidopsis thaliana.","/pubmed/11130714","Tabata S, Kaneko T, Nakamura Y, Kotani H, Kato T, Asamizu E, Miyajima N, Sasamoto S, Kimura T, Hosouchi T, Kawashima K, Kohara M, Matsumoto M, Matsuno A, Muraki A, Nakayama S, Nakazaki N, Naruo K, Okumura S, Shinpo S, Takeuchi C, Wada T, et al.","Nature. 2000 Dec 14;408(6814):823-6.","Nature.  2000","PubMed","citation","PMID:11130714","pubmed","11130714","create date:2000/12/29 | first author:Tabata S",
"Acetyl-CoA synthetase 2, a mitochondrial matrix enzyme involved in the oxidation of acetate.","/pubmed/11150295","Fujino T, Kondo J, Ishikawa M, Morikawa K, Yamamoto TT.","J Biol Chem. 2001 Apr 6;276(14):11420-6. Epub 2001 Jan 9.","J Biol Chem.  2001","PubMed","citation","PMID:11150295","pubmed","11150295","create date:2001/01/21 | first author:Fujino T",
"The sequence of the human genome.","/pubmed/11181995","Venter JC, Adams MD, Myers EW, Li PW, Mural RJ, Sutton GG, Smith HO, Yandell M, Evans CA, Holt RA, Gocayne JD, Amanatides P, Ballew RM, Huson DH, Wortman JR, Zhang Q, Kodira CD, Zheng XH, Chen L, Skupski M, Subramanian G, Thomas PD, et al.","Science. 2001 Feb 16;291(5507):1304-51. Erratum in: Science 2001 Jun 5;292(5523):1838. ","Science.  2001","PubMed","citation","PMID:11181995","pubmed","11181995","create date:2001/02/22 | first author:Venter JC",
"Novel features in a combined polyketide synthase/non-ribosomal peptide synthetase: the myxalamid biosynthetic gene cluster of the myxobacterium Stigmatella aurantiaca Sga15.","/pubmed/11182319","Silakowski B, Nordsiek G, Kunze B, Blöcker H, Müller R.","Chem Biol. 2001 Jan;8(1):59-69.","Chem Biol.  2001","PubMed","citation","PMID:11182319","pubmed","11182319","create date:2001/02/22 | first author:Silakowski B",
"Anaerobic metabolism of 3-hydroxybenzoate by the denitrifying bacterium Thauera aromatica.","/pubmed/11208796","Laempe D, Jahn M, Breese K, Schägger H, Fuchs G.","J Bacteriol. 2001 Feb;183(3):968-79.","J Bacteriol.  2001","PubMed","citation","PMID:11208796 | PMCID:PMC94965","pubmed","11208796","create date:2001/02/24 | first author:Laempe D",
"Complete genome sequence of an M1 strain of Streptococcus pyogenes.","/pubmed/11296296","Ferretti JJ, McShan WM, Ajdic D, Savic DJ, Savic G, Lyon K, Primeaux C, Sezate S, Suvorov AN, Kenton S, Lai HS, Lin SP, Qian Y, Jia HG, Najar FZ, Ren Q, Zhu H, Song L, White J, Yuan X, Clifton SW, Roe BA, et al.","Proc Natl Acad Sci U S A. 2001 Apr 10;98(8):4658-63.","Proc Natl Acad Sci U S A.  2001","PubMed","citation","PMID:11296296 | PMCID:PMC31890","pubmed","11296296","create date:2001/04/11 | first author:Ferretti JJ",
"Isolation and characterization of IS1409, an insertion element of 4-chlorobenzoate-degrading Arthrobacter sp. strain TM1, and development of a system for transposon mutagenesis.","/pubmed/11371537","Gartemann KH, Eichenlaub R.","J Bacteriol. 2001 Jun;183(12):3729-36.","J Bacteriol.  2001","PubMed","citation","PMID:11371537 | PMCID:PMC95250","pubmed","11371537","create date:2001/05/24 | first author:Gartemann KH",
"Cloning and characterization of a hormonally regulated rat long chain acyl-CoA synthetase.","/pubmed/11381125","Tang PZ, Tsai-Morris CH, Dufau ML.","Proc Natl Acad Sci U S A. 2001 Jun 5;98(12):6581-6. Epub 2001 May 29.","Proc Natl Acad Sci U S A.  2001","PubMed","citation","PMID:11381125 | PMCID:PMC34396","pubmed","11381125","create date:2001/06/07 | first author:Tang PZ",
"Mouse fatty acid transport protein 4 (FATP4): characterization of the gene and functional assessment as a very long chain acyl-CoA synthetase.","/pubmed/11404000","Herrmann T, Buchkremer F, Gosch I, Hall AM, Bernlohr DA, Stremmel W.","Gene. 2001 May 30;270(1-2):31-40.","Gene.  2001","PubMed","citation","PMID:11404000","pubmed","11404000","create date:2001/06/19 | first author:Herrmann T",
"Whole genome sequencing of meticillin-resistant Staphylococcus aureus.","/pubmed/11418146","Kuroda M, Ohta T, Uchiyama I, Baba T, Yuzawa H, Kobayashi I, Cui L, Oguchi A, Aoki K, Nagai Y, Lian J, Ito T, Kanamori M, Matsumaru H, Maruyama A, Murakami H, Hosoyama A, Mizutani-Ui Y, Takahashi NK, Sawano T, Inoue R, Kaito C, et al.","Lancet. 2001 Apr 21;357(9264):1225-40.","Lancet.  2001","PubMed","citation","PMID:11418146","pubmed","11418146","create date:2001/06/22 | first author:Kuroda M",
"Molecular identification and characterization of two medium-chain acyl-CoA synthetases, MACS1 and the Sa gene product.","/pubmed/11470804","Fujino T, Takei YA, Sone H, Ioka RX, Kamataki A, Magoori K, Takahashi S, Sakai J, Yamamoto TT.","J Biol Chem. 2001 Sep 21;276(38):35961-6. Epub 2001 Jul 24.","J Biol Chem.  2001","PubMed","citation","PMID:11470804","pubmed","11470804","create date:2001/07/27 | first author:Fujino T",
"Complete genome sequence of Salmonella enterica serovar Typhimurium LT2.","/pubmed/11677609","McClelland M, Sanderson KE, Spieth J, Clifton SW, Latreille P, Courtney L, Porwollik S, Ali J, Dante M, Du F, Hou S, Layman D, Leonard S, Nguyen C, Scott K, Holmes A, Grewal N, Mulvaney E, Ryan E, Sun H, Florea L, Miller W, et al.","Nature. 2001 Oct 25;413(6858):852-6.","Nature.  2001","PubMed","citation","PMID:11677609","pubmed","11677609","create date:2001/10/26 | first author:McClelland M",
"The DNA sequence and comparative analysis of human chromosome 20.","/pubmed/11780052","Deloukas P, Matthews LH, Ashurst J, Burton J, Gilbert JG, Jones M, Stavrides G, Almeida JP, Babbage AK, Bagguley CL, Bailey J, Barlow KF, Bates KN, Beard LM, Beare DM, Beasley OP, Bird CP, Blakey SE, Bridgeman AM, Brown AJ, Buck D, Burrill W, et al.","Nature. 2001 Dec 20-27;414(6866):865-71.","Nature.  2001","PubMed","citation","PMID:11780052","pubmed","11780052","create date:2002/01/10 | first author:Deloukas P",
"The genome sequence of Schizosaccharomyces pombe.","/pubmed/11859360","Wood V, Gwilliam R, Rajandream MA, Lyne M, Lyne R, Stewart A, Sgouros J, Peat N, Hayles J, Baker S, Basham D, Bowman S, Brooks K, Brown D, Brown S, Chillingworth T, Churcher C, Collins M, Connor R, Cronin A, Davis P, Feltwell T, et al.","Nature. 2002 Feb 21;415(6874):871-80. Erratum in: Nature 2003 Jan 2;421(6918):94. Cerrutti L [corrected to Cerutti L]. ","Nature.  2002","PubMed","citation","PMID:11859360","pubmed","11859360","create date:2002/02/23 | first author:Wood V",
"The genome of M. acetivorans reveals extensive metabolic and physiological diversity.","/pubmed/11932238","Galagan JE, Nusbaum C, Roy A, Endrizzi MG, Macdonald P, FitzHugh W, Calvo S, Engels R, Smirnov S, Atnoor D, Brown A, Allen N, Naylor J, Stange-Thomann N, DeArellano K, Johnson R, Linton L, McEwan P, McKernan K, Talamas J, Tirrell A, Ye W, et al.","Genome Res. 2002 Apr;12(4):532-42.","Genome Res.  2002","PubMed","citation","PMID:11932238 | PMCID:PMC187521","pubmed","11932238","create date:2002/04/05 | first author:Galagan JE",
"Complete genome sequence of the model actinomycete Streptomyces coelicolor A3(2).","/pubmed/12000953","Bentley SD, Chater KF, Cerdeño-Tárraga AM, Challis GL, Thomson NR, James KD, Harris DE, Quail MA, Kieser H, Harper D, Bateman A, Brown S, Chandra G, Chen CW, Collins M, Cronin A, Fraser A, Goble A, Hidalgo J, Hornsby T, Howarth S, Huang CH, et al.","Nature. 2002 May 9;417(6885):141-7.","Nature.  2002","PubMed","citation","PMID:12000953","pubmed","12000953","create date:2002/05/10 | first author:Bentley SD",
"Annotation of human chromosome 21 for relevance to Down syndrome: gene structure and expression analysis.","/pubmed/12036298","Gardiner K, Slavov D, Bechtel L, Davisson M.","Genomics. 2002 Jun;79(6):833-43.","Genomics.  2002","PubMed","citation","PMID:12036298","pubmed","12036298","create date:2002/05/31 | first author:Gardiner K",
"A comparison of whole-genome shotgun-derived mouse chromosome 16 and the human genome.","/pubmed/12040188","Mural RJ, Adams MD, Myers EW, Smith HO, Miklos GL, Wides R, Halpern A, Li PW, Sutton GG, Nadeau J, Salzberg SL, Holt RA, Kodira CD, Lu F, Chen L, Deng Z, Evangelista CC, Gan W, Heiman TJ, Li J, Li Z, Merkulov GV, et al.","Science. 2002 May 31;296(5573):1661-71. Erratum in: Science 2002 Aug 23;297(5585):1278.  Science. 2004 Mar 12;303(5664):1612. ","Science.  2002","PubMed","citation","PMID:12040188","pubmed","12040188","create date:2002/06/01 | first author:Mural RJ",
"Expression of cytosolic acetyl-CoA synthetase gene is developmentally regulated.","/pubmed/12049778","Loikkanen I, Haghighi S, Vainio S, Pajunen A.","Mech Dev. 2002 Jul;115(1-2):139-41.","Mech Dev.  2002","PubMed","citation","PMID:12049778","pubmed","12049778","create date:2002/06/07 | first author:Loikkanen I",
"Analysis of bovine mammary gland EST and functional annotation of the Bos taurus gene index.","/pubmed/12140684","Sonstegard TS, Capuco AV, White J, Van Tassell CP, Connor EE, Cho J, Sultana R, Shade L, Wray JE, Wells KD, Quackenbush J.","Mamm Genome. 2002 Jul;13(7):373-9.","Mamm Genome.  2002","PubMed","citation","PMID:12140684","pubmed","12140684","create date:2002/07/26 | first author:Sonstegard TS",
"Arabidopsis contains nine long-chain acyl-coenzyme a synthetase genes that participate in fatty acid and glycerolipid metabolism.","/pubmed/12177484","Shockey JM, Fulda MS, Browse JA.","Plant Physiol. 2002 Aug;129(4):1710-22.","Plant Physiol.  2002","PubMed","citation","PMID:12177484 | PMCID:PMC166759","pubmed","12177484","create date:2002/08/15 | first author:Shockey JM",
"Molecular cloning and expression of rat liver bile acid CoA ligase.","/pubmed/12454267","Falany CN, Xie X, Wheeler JB, Wang J, Smith M, He D, Barnes S.","J Lipid Res. 2002 Dec;43(12):2062-71.","J Lipid Res.  2002","PubMed","citation","PMID:12454267","pubmed","12454267","create date:2002/11/28 | first author:Falany CN",
"Extensive mosaic structure revealed by the complete genome sequence of uropathogenic Escherichia coli.","/pubmed/12471157","Welch RA, Burland V, Plunkett G 3rd, Redford P, Roesch P, Rasko D, Buckles EL, Liou SR, Boutin A, Hackett J, Stroud D, Mayhew GF, Rose DJ, Zhou S, Schwartz DC, Perna NT, Mobley HL, Donnenberg MS, Blattner FR.","Proc Natl Acad Sci U S A. 2002 Dec 24;99(26):17020-4. Epub 2002 Dec 5.","Proc Natl Acad Sci U S A.  2002","PubMed","citation","PMID:12471157 | PMCID:PMC139262","pubmed","12471157","create date:2002/12/10 | first author:Welch RA",
"Complete genomic sequence of nitrogen-fixing symbiotic bacterium Bradyrhizobium japonicum USDA110.","/pubmed/12597275","Kaneko T, Nakamura Y, Sato S, Minamisawa K, Uchiumi T, Sasamoto S, Watanabe A, Idesawa K, Iriguchi M, Kawashima K, Kohara M, Matsumoto M, Shimpo S, Tsuruoka H, Wada T, Yamada M, Tabata S.","DNA Res. 2002 Dec 31;9(6):189-97.","DNA Res.  2002","PubMed","citation","PMID:12597275","pubmed","12597275","create date:2003/02/25 | first author:Kaneko T",
"Isolation, sequencing, and expression of a cDNA for the HXM-A form of xenobiotic/medium-chain fatty acid:CoA ligase from human liver mitochondria.","/pubmed/12616642","Vessey DA, Lau E, Kelley M, Warren RS.","J Biochem Mol Toxicol. 2003;17(1):1-6.","J Biochem Mol Toxicol.  2003","PubMed","citation","PMID:12616642","pubmed","12616642","create date:2003/03/05 | first author:Vessey DA",
"Expression of acetoacetyl-CoA synthetase, a novel cytosolic ketone body-utilizing enzyme, in human brain.","/pubmed/12623130","Ohgami M, Takahashi N, Yamasaki M, Fukui T.","Biochem Pharmacol. 2003 Mar 15;65(6):989-94.","Biochem Pharmacol.  2003","PubMed","citation","PMID:12623130","pubmed","12623130","create date:2003/03/08 | first author:Ohgami M",
"A genomic view of the human-Bacteroides thetaiotaomicron symbiosis.","/pubmed/12663928","Xu J, Bjursell MK, Himrod J, Deng S, Carmichael LK, Chiang HC, Hooper LV, Gordon JI.","Science. 2003 Mar 28;299(5615):2074-6.","Science.  2003","PubMed","citation","PMID:12663928","pubmed","12663928","create date:2003/03/29 | first author:Xu J",
"Nutritional biochemistry: A new redox-cofactor vitamin for mammals.","/pubmed/12712191","Kasahara T, Kato T.","Nature. 2003 Apr 24;422(6934):832. No abstract available. ","Nature.  2003","PubMed","citation","PMID:12712191","pubmed","12712191","create date:2003/04/25 | first author:Kasahara T",
"Genome sequence of Bacillus cereus and comparative analysis with Bacillus anthracis.","/pubmed/12721630","Ivanova N, Sorokin A, Anderson I, Galleron N, Candelon B, Kapatral V, Bhattacharyya A, Reznik G, Mikhailova N, Lapidus A, Chu L, Mazur M, Goltsman E, Larsen N, D'Souza M, Walunas T, Grechkin Y, Pusch G, Haselkorn R, Fonstein M, Ehrlich SD, Overbeek R, et al.","Nature. 2003 May 1;423(6935):87-91.","Nature.  2003","PubMed","citation","PMID:12721630","pubmed","12721630","create date:2003/05/02 | first author:Ivanova N",
"Characterization of the 4-hydroxybenzoyl-coenzyme A thioesterase from Arthrobacter sp. strain SU.","/pubmed/12732540","Zhuang Z, Gartemann KH, Eichenlaub R, Dunaway-Mariano D.","Appl Environ Microbiol. 2003 May;69(5):2707-11.","Appl Environ Microbiol.  2003","PubMed","citation","PMID:12732540 | PMCID:PMC154559","pubmed","12732540","create date:2003/05/07 | first author:Zhuang Z",
"A novel murine long-chain acyl-CoA synthetase expressed in brain participates in neuronal cell proliferation.","/pubmed/12767919","Kee HJ, Koh JT, Yang SY, Lee ZH, Baik YH, Kim KK.","Biochem Biophys Res Commun. 2003 Jun 13;305(4):925-33.","Biochem Biophys Res Commun.  2003","PubMed","citation","PMID:12767919","pubmed","12767919","create date:2003/05/28 | first author:Kee HJ",
"The complete genome sequence of Mycobacterium bovis.","/pubmed/12788972","Garnier T, Eiglmeier K, Camus JC, Medina N, Mansoor H, Pryor M, Duthoy S, Grondin S, Lacroix C, Monsempe C, Simon S, Harris B, Atkin R, Doggett J, Mayes R, Keating L, Wheeler PR, Parkhill J, Barrell BG, Cole ST, Gordon SV, Hewinson RG.","Proc Natl Acad Sci U S A. 2003 Jun 24;100(13):7877-82. Epub 2003 Jun 3.","Proc Natl Acad Sci U S A.  2003","PubMed","citation","PMID:12788972 | PMCID:PMC164681","pubmed","12788972","create date:2003/06/06 | first author:Garnier T",
"Arabidopsis contains a large superfamily of acyl-activating enzymes. Phylogenetic and biochemical analysis reveals a new class of acyl-coenzyme a synthetases.","/pubmed/12805634","Shockey JM, Fulda MS, Browse J.","Plant Physiol. 2003 Jun;132(2):1065-76.","Plant Physiol.  2003","PubMed","citation","PMID:12805634 | PMCID:PMC167044","pubmed","12805634","create date:2003/06/14 | first author:Shockey JM",
"Benzoate-coenzyme A ligase from Thauera aromatica: an enzyme acting in anaerobic and aerobic pathways.","/pubmed/12897012","Schühle K, Gescher J, Feil U, Paul M, Jahn M, Schägger H, Fuchs G.","J Bacteriol. 2003 Aug;185(16):4920-9.","J Bacteriol.  2003","PubMed","citation","PMID:12897012 | PMCID:PMC166471","pubmed","12897012","create date:2003/08/05 | first author:Schühle K",
"The secreted protein discovery initiative (SPDI), a large-scale effort to identify novel human secreted and transmembrane proteins: a bioinformatics assessment.","/pubmed/12975309","Clark HF, Gurney AL, Abaya E, Baker K, Baldwin D, Brush J, Chen J, Chow B, Chui C, Crowley C, Currell B, Deuel B, Dowd P, Eaton D, Foster J, Grimaldi C, Gu Q, Hass PE, Heldens S, Huang A, Kim HS, Klimowski L, et al.","Genome Res. 2003 Oct;13(10):2265-70. Epub 2003 Sep 15. Erratum in: Genome Res. 2003 Dec;13(12):2759. ","Genome Res.  2003","PubMed","citation","PMID:12975309 | PMCID:PMC403697","pubmed","12975309","create date:2003/09/17 | first author:Clark HF",
"A Dictyostelium long chain fatty acyl coenzyme A-synthetase mediates fatty acid retrieval from endosomes.","/pubmed/14629118","von Löhneysen K, Pawolleck N, Rühling H, Maniak M.","Eur J Cell Biol. 2003 Oct;82(10):505-14.","Eur J Cell Biol.  2003","PubMed","citation","PMID:14629118","pubmed","14629118","create date:2003/11/25 | first author:von Löhneysen K",
"Characterization of CmaA, an adenylation-thiolation didomain enzyme involved in the biosynthesis of coronatine.","/pubmed/14679222","Couch R, O'Connor SE, Seidle H, Walsh CT, Parry R.","J Bacteriol. 2004 Jan;186(1):35-42.","J Bacteriol.  2004","PubMed","citation","PMID:14679222 | PMCID:PMC303444","pubmed","14679222","create date:2003/12/18 | first author:Couch R",
"Complete sequencing and characterization of 21,243 full-length human cDNAs.","/pubmed/14702039","Ota T, Suzuki Y, Nishikawa T, Otsuki T, Sugiyama T, Irie R, Wakamatsu A, Hayashi K, Sato H, Nagai K, Kimura K, Makita H, Sekine M, Obayashi M, Nishi T, Shibahara T, Tanaka T, Ishii S, Yamamoto J, Saito K, Kawai Y, Isono Y, et al.","Nat Genet. 2004 Jan;36(1):40-5. Epub 2003 Dec 21.","Nat Genet.  2004","PubMed","citation","PMID:14702039","pubmed","14702039","create date:2004/01/01 | first author:Ota T",
"Complete genome sequence of the metabolically versatile photosynthetic bacterium Rhodopseudomonas palustris.","/pubmed/14704707","Larimer FW, Chain P, Hauser L, Lamerdin J, Malfatti S, Do L, Land ML, Pelletier DA, Beatty JT, Lang AS, Tabita FR, Gibson JL, Hanson TE, Bobst C, Torres JL, Peres C, Harrison FH, Gibson J, Harwood CS.","Nat Biotechnol. 2004 Jan;22(1):55-61. Epub 2003 Dec 14.","Nat Biotechnol.  2004","PubMed","citation","PMID:14704707","pubmed","14704707","create date:2004/01/06 | first author:Larimer FW",
"Nocardia sp. carboxylic acid reductase: cloning, expression, and characterization of a new aldehyde oxidoreductase family.","/pubmed/15006821","He A, Li T, Daniels L, Fotheringham I, Rosazza JP.","Appl Environ Microbiol. 2004 Mar;70(3):1874-81.","Appl Environ Microbiol.  2004","PubMed","citation","PMID:15006821 | PMCID:PMC368342","pubmed","15006821","create date:2004/03/10 | first author:He A",
"Genome sequence of the Brown Norway rat yields insights into mammalian evolution.","/pubmed/15057822","Gibbs RA, Weinstock GM, Metzker ML, Muzny DM, Sodergren EJ, Scherer S, Scott G, Steffen D, Worley KC, Burch PE, Okwuonu G, Hines S, Lewis L, DeRamo C, Delgado O, Dugan-Rocha S, Miner G, Morgan M, Hawes A, Gill R, Celera, Holt RA, et al.","Nature. 2004 Apr 1;428(6982):493-521.","Nature.  2004","PubMed","citation","PMID:15057822","pubmed","15057822","create date:2004/04/02 | first author:Gibbs RA",
"The DNA sequence and biology of human chromosome 19.","/pubmed/15057824","Grimwood J, Gordon LA, Olsen A, Terry A, Schmutz J, Lamerdin J, Hellsten U, Goodstein D, Couronne O, Tran-Gyamfi M, Aerts A, Altherr M, Ashworth L, Bajorek E, Black S, Branscomb E, Caenepeel S, Carrano A, Caoile C, Chan YM, Christensen M, Cleland CA, et al.","Nature. 2004 Apr 1;428(6982):529-35.","Nature.  2004","PubMed","citation","PMID:15057824","pubmed","15057824","create date:2004/04/02 | first author:Grimwood J",
"The genome sequence of the extreme thermophile Thermus thermophilus.","/pubmed/15064768","Henne A, Brüggemann H, Raasch C, Wiezer A, Hartsch T, Liesegang H, Johann A, Lienard T, Gohl O, Martinez-Arias R, Jacobi C, Starkuviene V, Schlenczeck S, Dencker S, Huber R, Klenk HP, Kramer W, Merkl R, Gottschalk G, Fritz HJ.","Nat Biotechnol. 2004 May;22(5):547-53. Epub 2004 Apr 4.","Nat Biotechnol.  2004","PubMed","citation","PMID:15064768","pubmed","15064768","create date:2004/04/06 | first author:Henne A",
"The genome sequence of the anaerobic, sulfate-reducing bacterium Desulfovibrio vulgaris Hildenborough.","/pubmed/15077118","Heidelberg JF, Seshadri R, Haveman SA, Hemme CL, Paulsen IT, Kolonay JF, Eisen JA, Ward N, Methe B, Brinkac LM, Daugherty SC, Deboy RT, Dodson RJ, Durkin AS, Madupu R, Nelson WC, Sullivan SA, Fouts D, Haft DH, Selengut J, Peterson JD, Davidsen TM, et al.","Nat Biotechnol. 2004 May;22(5):554-9. Epub 2004 Apr 11.","Nat Biotechnol.  2004","PubMed","citation","PMID:15077118","pubmed","15077118","create date:2004/04/13 | first author:Heidelberg JF",
"Biosynthetic gene cluster of the glycopeptide antibiotic teicoplanin: characterization of two glycosyltransferases and the key acyltransferase.","/pubmed/15113000","Li TL, Huang F, Haydock SF, Mironenko T, Leadlay PF, Spencer JB.","Chem Biol. 2004 Jan;11(1):107-19.","Chem Biol.  2004","PubMed","citation","PMID:15113000","pubmed","15113000","create date:2004/04/29 | first author:Li TL",
"Structural basis of the substrate-specific two-step catalysis of long chain fatty acyl-CoA synthetase dimer.","/pubmed/15145952","Hisanaga Y, Ago H, Nakagawa N, Hamada K, Ida K, Yamamoto M, Hori T, Arii Y, Sugahara M, Kuramitsu S, Yokoyama S, Miyano M.","J Biol Chem. 2004 Jul 23;279(30):31717-26. Epub 2004 May 15.","J Biol Chem.  2004","PubMed","citation","PMID:15145952","pubmed","15145952","create date:2004/05/18 | first author:Hisanaga Y",
"The DNA sequence and comparative analysis of human chromosome 10.","/pubmed/15164054","Deloukas P, Earthrowl ME, Grafham DV, Rubenfield M, French L, Steward CA, Sims SK, Jones MC, Searle S, Scott C, Howe K, Hunt SE, Andrews TD, Gilbert JG, Swarbreck D, Ashurst JL, Taylor A, Battles J, Bird CP, Ainscough R, Almeida JP, Ashwell RI, et al.","Nature. 2004 May 27;429(6990):375-81.","Nature.  2004","PubMed","citation","PMID:15164054","pubmed","15164054","create date:2004/05/28 | first author:Deloukas P",
"Analysis of diversity among 3-chlorobenzoate-degrading strains of Rhodopseudomonas palustris.","/pubmed/15259271","Oda Y, Meijer WG, Gibson JL, Gottschal JC, Forney LJ.","Microb Ecol. 2004 Jan;47(1):68-79.","Microb Ecol.  2004","PubMed","citation","PMID:15259271","pubmed","15259271","create date:2004/07/21 | first author:Oda Y",
"Progress toward characterization of the group A Streptococcus metagenome: complete genome sequence of a macrolide-resistant serotype M6 strain.","/pubmed/15272401","Banks DJ, Porcella SF, Barbian KD, Beres SB, Philips LE, Voyich JM, DeLeo FR, Martin JM, Somerville GA, Musser JM.","J Infect Dis. 2004 Aug 15;190(4):727-38. Epub 2004 Jul 20.","J Infect Dis.  2004","PubMed","citation","PMID:15272401","pubmed","15272401","create date:2004/07/24 | first author:Banks DJ",
"Identification and analysis of the core biosynthetic machinery of tubulysin, a potent cytotoxin with potential anticancer activity.","/pubmed/15324808","Sandmann A, Sasse F, Müller R.","Chem Biol. 2004 Aug;11(8):1071-9.","Chem Biol.  2004","PubMed","citation","PMID:15324808","pubmed","15324808","create date:2004/08/25 | first author:Sandmann A",
"Biosynthetic pathway and gene cluster analysis of curacin A, an antitubulin natural product from the tropical marine cyanobacterium Lyngbya majuscula.","/pubmed/15332855","Chang Z, Sitachitta N, Rossi JV, Roberts MA, Flatt PM, Jia J, Sherman DH, Gerwick WH.","J Nat Prod. 2004 Aug;67(8):1356-67.","J Nat Prod.  2004","PubMed","citation","PMID:15332855","pubmed","15332855","create date:2004/08/31 | first author:Chang Z",
"The DNA sequence and comparative analysis of human chromosome 5.","/pubmed/15372022","Schmutz J, Martin J, Terry A, Couronne O, Grimwood J, Lowry S, Gordon LA, Scott D, Xie G, Huang W, Hellsten U, Tran-Gyamfi M, She X, Prabhakar S, Aerts A, Altherr M, Bajorek E, Black S, Branscomb E, Caoile C, Challacombe JF, Chan YM, et al.","Nature. 2004 Sep 16;431(7006):268-74.","Nature.  2004","PubMed","citation","PMID:15372022","pubmed","15372022","create date:2004/09/17 | first author:Schmutz J",
"The genomic sequence of the accidental pathogen Legionella pneumophila.","/pubmed/15448271","Chien M, Morozova I, Shi S, Sheng H, Chen J, Gomez SM, Asamani G, Hill K, Nuara J, Feder M, Rineer J, Greenberg JJ, Steshenko V, Park SH, Zhao B, Teplitskaya E, Edwards JR, Pampou S, Georghiou A, Chou IC, Iannuccilli W, Ulz ME, et al.","Science. 2004 Sep 24;305(5692):1966-8.","Science.  2004","PubMed","citation","PMID:15448271","pubmed","15448271","create date:2004/09/28 | first author:Chien M",
"The status, quality, and expansion of the NIH full-length cDNA project: the Mammalian Gene Collection (MGC).","/pubmed/15489334","Gerhard DS, Wagner L, Feingold EA, Shenmen CM, Grouse LH, Schuler G, Klein SL, Old S, Rasooly R, Good P, Guyer M, Peck AM, Derge JG, Lipman D, Collins FS, Jang W, Sherry S, Feolo M, Misquitta L, Lee E, Rotmistrovsky K, Greenhut SF, et al.","Genome Res. 2004 Oct;14(10B):2121-7. Erratum in: Genome Res. 2006 Jun;16(6):804. Morrin, Ryan [corrected to Morin, Ryan]. ","Genome Res.  2004","PubMed","citation","PMID:15489334 | PMCID:PMC528928","pubmed","15489334","create date:2004/10/19 | first author:Gerhard DS",
"Molecular cloning, sequence analysis, and expression of a cDNA encoding the luciferase from the glow-worm, Lampyris turkestanicus.","/pubmed/15522221","Alipour BS, Hosseinkhani S, Nikkhah M, Naderi-Manesh H, Chaichi MJ, Osaloo SK.","Biochem Biophys Res Commun. 2004 Dec 3;325(1):215-22.","Biochem Biophys Res Commun.  2004","PubMed","citation","PMID:15522221","pubmed","15522221","create date:2004/11/04 | first author:Alipour BS",
"The Serratia gene cluster encoding biosynthesis of the red antibiotic, prodigiosin, shows species- and strain-dependent genome context variation.","/pubmed/15528645","Harris AK, Williamson NR, Slater H, Cox A, Abbasi S, Foulds I, Simonsen HT, Leeper FJ, Salmond GP.","Microbiology. 2004 Nov;150(Pt 11):3547-60.","Microbiology.  2004","PubMed","citation","PMID:15528645","pubmed","15528645","create date:2004/11/06 | first author:Harris AK",
"Genome sequence of Silicibacter pomeroyi reveals adaptations to the marine environment.","/pubmed/15602564","Moran MA, Buchan A, González JM, Heidelberg JF, Whitman WB, Kiene RP, Henriksen JR, King GM, Belas R, Fuqua C, Brinkac L, Lewis M, Johri S, Weaver B, Pai G, Eisen JA, Rahe E, Sheldon WM, Ye W, Miller TR, Carlton J, Rasko DA, et al.","Nature. 2004 Dec 16;432(7019):910-3.","Nature.  2004","PubMed","citation","PMID:15602564","pubmed","15602564","create date:2004/12/17 | first author:Moran MA",
"The sequence and analysis of duplication-rich human chromosome 16.","/pubmed/15616553","Martin J, Han C, Gordon LA, Terry A, Prabhakar S, She X, Xie G, Hellsten U, Chan YM, Altherr M, Couronne O, Aerts A, Bajorek E, Black S, Blumer H, Branscomb E, Brown NC, Bruno WJ, Buckingham JM, Callen DF, Campbell CS, Campbell ML, et al.","Nature. 2004 Dec 23;432(7020):988-94.","Nature.  2004","PubMed","citation","PMID:15616553","pubmed","15616553","create date:2004/12/24 | first author:Martin J",
"Alternative promotion of the mouse acyl-CoA synthetase 6 (mAcsl6) gene mediates the expression of multiple transcripts with 5'-end heterogeneity: genetic organization of mAcsl6 variants.","/pubmed/15629433","Lee EJ, Kim HC, Cho YY, Byun SJ, Lim JM, Ryoo ZY.","Biochem Biophys Res Commun. 2005 Feb 4;327(1):84-93.","Biochem Biophys Res Commun.  2005","PubMed","citation","PMID:15629433","pubmed","15629433","create date:2005/01/05 | first author:Lee EJ",
"Identification and characterization of the BGR-like gene with a potential role in human testicular development/spermatogenesis.","/pubmed/15685348","Zheng Y, Zhou ZM, Min X, Li JM, Sha JH.","Asian J Androl. 2005 Mar;7(1):21-32.","Asian J Androl.  2005","PubMed","citation","PMID:15685348","pubmed","15685348","create date:2005/02/03 | first author:Zheng Y",
"The DNA sequence of the human X chromosome.","/pubmed/15772651","Ross MT, Grafham DV, Coffey AJ, Scherer S, McLay K, Muzny D, Platzer M, Howell GR, Burrows C, Bird CP, Frankish A, Lovell FL, Howe KL, Ashurst JL, Fulton RS, Sudbrak R, Wen G, Jones MC, Hurles ME, Andrews TD, Scott CE, Searle S, et al.","Nature. 2005 Mar 17;434(7031):325-37.","Nature.  2005","PubMed","citation","PMID:15772651 | PMCID:PMC2665286","pubmed","15772651","create date:2005/03/18 | first author:Ross MT",
"The neocarzinostatin biosynthetic gene cluster from Streptomyces carzinostaticus ATCC 15944 involving two iterative type I polyketide synthases.","/pubmed/15797213","Liu W, Nonaka K, Nie L, Zhang J, Christenson SD, Bae J, Van Lanen SG, Zazopoulos E, Farnet CM, Yang CF, Shen B.","Chem Biol. 2005 Mar;12(3):293-302.","Chem Biol.  2005","PubMed","citation","PMID:15797213","pubmed","15797213","create date:2005/03/31 | first author:Liu W",
"Generation and annotation of the DNA sequences of human chromosomes 2 and 4.","/pubmed/15815621","Hillier LW, Graves TA, Fulton RS, Fulton LA, Pepin KH, Minx P, Wagner-McPherson C, Layman D, Wylie K, Sekhon M, Becker MC, Fewell GA, Delehaunty KD, Miner TL, Nash WE, Kremitzki C, Oddy L, Du H, Sun H, Bradshaw-Cordum H, Ali J, Carter J, et al.","Nature. 2005 Apr 7;434(7034):724-31.","Nature.  2005","PubMed","citation","PMID:15815621","pubmed","15815621","create date:2005/04/09 | first author:Hillier LW",
"Cloning and characterization of a novel human homolog* of mouse U26, a putative PQQ-dependent AAS dehydrogenase.","/pubmed/15865210","Wang L, Jil C, Xu Y, Xu J, Dai J, Wu Q, Wu M, Zou X, Sun L, Gu S, Xie Y, Mao Y.","Mol Biol Rep. 2005 Mar;32(1):47-53.","Mol Biol Rep.  2005","PubMed","citation","PMID:15865210","pubmed","15865210","create date:2005/05/04 | first author:Wang L",
"Comparative genomics of trypanosomatid parasitic protozoa.","/pubmed/16020724","El-Sayed NM, Myler PJ, Blandin G, Berriman M, Crabtree J, Aggarwal G, Caler E, Renauld H, Worthey EA, Hertz-Fowler C, Ghedin E, Peacock C, Bartholomeu DC, Haas BJ, Tran AN, Wortman JR, Alsmark UC, Angiuoli S, Anupama A, Badger J, Bringaud F, Cadag E, et al.","Science. 2005 Jul 15;309(5733):404-9.","Science.  2005","PubMed","citation","PMID:16020724","pubmed","16020724","create date:2005/07/16 | first author:El-Sayed NM",
"The transcriptional landscape of the mammalian genome.","/pubmed/16141072","Carninci P, Kasukawa T, Katayama S, Gough J, Frith MC, Maeda N, Oyama R, Ravasi T, Lenhard B, Wells C, Kodzius R, Shimokawa K, Bajic VB, Brenner SE, Batalov S, Forrest AR, Zavolan M, Davis MJ, Wilming LG, Aidinis V, Allen JE, Ambesi-Impiombato A, et al.","Science. 2005 Sep 2;309(5740):1559-63. Erratum in: Science. 2006 Mar 24;311(5768):1713. ","Science.  2005","PubMed","citation","PMID:16141072","pubmed","16141072","create date:2005/09/06 | first author:Carninci P",
"Identification of a plastid acyl-acyl carrier protein synthetase in Arabidopsis and its role in the activation and elongation of exogenous fatty acids.","/pubmed/16262711","Koo AJ, Fulda M, Browse J, Ohlrogge JB.","Plant J. 2005 Nov;44(4):620-32.","Plant J.  2005","PubMed","citation","PMID:16262711","pubmed","16262711","create date:2005/11/03 | first author:Koo AJ",
"The second member of the human and murine bubblegum family is a testis- and brainstem-specific acyl-CoA synthetase.","/pubmed/16371355","Pei Z, Jia Z, Watkins PA.","J Biol Chem. 2006 Mar 10;281(10):6632-41. Epub 2005 Dec 21.","J Biol Chem.  2006","PubMed","citation","PMID:16371355","pubmed","16371355","create date:2005/12/24 | first author:Pei Z",
"Genomic sequence of the pathogenic and allergenic filamentous fungus Aspergillus fumigatus.","/pubmed/16372009","Nierman WC, Pain A, Anderson MJ, Wortman JR, Kim HS, Arroyo J, Berriman M, Abe K, Archer DB, Bermejo C, Bennett J, Bowyer P, Chen D, Collins M, Coulsen R, Davies R, Dyer PS, Farman M, Fedorova N, Fedorova N, Feldblyum TV, Fischer R, et al.","Nature. 2005 Dec 22;438(7071):1151-6. Erratum in: Nature. 2006 Jan 26;439(7075):502. Lafton, Anne [corrected to Lafon, Anne]. ","Nature.  2005","PubMed","citation","PMID:16372009","pubmed","16372009","create date:2005/12/24 | first author:Nierman WC",
"Comprehensive identification of phosphorylation sites in postsynaptic density preparations.","/pubmed/16452087","Trinidad JC, Specht CG, Thalhammer A, Schoepfer R, Burlingame AL.","Mol Cell Proteomics. 2006 May;5(5):914-22. Epub 2006 Feb 1.","Mol Cell Proteomics.  2006","PubMed","citation","PMID:16452087","pubmed","16452087","create date:2006/02/03 | first author:Trinidad JC",
"The finished DNA sequence of human chromosome 12.","/pubmed/16541075","Scherer SE, Muzny DM, Buhay CJ, Chen R, Cree A, Ding Y, Dugan-Rocha S, Gill R, Gunaratne P, Harris RA, Hawes AC, Hernandez J, Hodgson AV, Hume J, Jackson A, Khan ZM, Kovar-Smith C, Lewis LR, Lozado RJ, Metzker ML, Milosavljevic A, Miner GR, et al.","Nature. 2006 Mar 16;440(7082):346-51.","Nature.  2006","PubMed","citation","PMID:16541075","pubmed","16541075","create date:2006/03/17 | first author:Scherer SE",
"Analysis of the DNA sequence and duplication history of human chromosome 15.","/pubmed/16572171","Zody MC, Garber M, Sharpe T, Young SK, Rowen L, O'Neill K, Whittaker CA, Kamal M, Chang JL, Cuomo CA, Dewar K, FitzGerald MG, Kodira CD, Madan A, Qin S, Yang X, Abbasi N, Abouelleil A, Arachchi HM, Baradarani L, Birditt B, Bloom S, et al.","Nature. 2006 Mar 30;440(7084):671-5.","Nature.  2006","PubMed","citation","PMID:16572171","pubmed","16572171","create date:2006/03/31 | first author:Zody MC",
"DNA sequence of human chromosome 17 and analysis of rearrangement in the human lineage.","/pubmed/16625196","Zody MC, Garber M, Adams DJ, Sharpe T, Harrow J, Lupski JR, Nicholson C, Searle SM, Wilming L, Young SK, Abouelleil A, Allen NR, Bi W, Bloom T, Borowsky ML, Bugalter BE, Butler J, Chang JL, Chen CK, Cook A, Corum B, Cuomo CA, et al.","Nature. 2006 Apr 20;440(7087):1045-9.","Nature.  2006","PubMed","citation","PMID:16625196 | PMCID:PMC2610434","pubmed","16625196","create date:2006/04/21 | first author:Zody MC",
"Utilization of the methoxymalonyl-acyl carrier protein biosynthesis locus for cloning the oxazolomycin biosynthetic gene cluster from Streptomyces albus JA3453.","/pubmed/16707707","Zhao C, Ju J, Christenson SD, Smith WC, Song D, Zhou X, Shen B, Deng Z.","J Bacteriol. 2006 Jun;188(11):4142-7.","J Bacteriol.  2006","PubMed","citation","PMID:16707707 | PMCID:PMC1482894","pubmed","16707707","create date:2006/05/19 | first author:Zhao C",
"The DNA sequence and biological annotation of human chromosome 1.","/pubmed/16710414","Gregory SG, Barlow KF, McLay KE, Kaul R, Swarbreck D, Dunham A, Scott CE, Howe KL, Woodfine K, Spencer CC, Jones MC, Gillson C, Searle S, Zhou Y, Kokocinski F, McDonald L, Evans R, Phillips K, Atkinson A, Cooper R, Jones C, Hall RE, et al.","Nature. 2006 May 18;441(7091):315-21. Erratum in: Nature. 2006 Oct 26;443(7114):1013. Banerjee, R [added]; Bryant, SP [added]; Burford, DC [added]; Burrill, WDH [added]; Clegg, SM [added]; Dhami, P [added]; Dovey, O [added]; Faulkner, LM [added]; Gribble, SM [added]; Langford, CF [added]; Pandian, RD [added]; Porter, KM [added]; Prigmore, E. ","Nature.  2006","PubMed","citation","PMID:16710414","pubmed","16710414","create date:2006/05/20 | first author:Gregory SG",
"Characterization of the porcine acyl-CoA synthetase long-chain 4 gene and its association with growth and meat quality traits.","/pubmed/16734680","Mercadé A, Estellé J, Pérez-Enciso M, Varona L, Silió L, Noguera JL, Sánchez A, Folch JM.","Anim Genet. 2006 Jun;37(3):219-24.","Anim Genet.  2006","PubMed","citation","PMID:16734680","pubmed","16734680","create date:2006/06/01 | first author:Mercadé A",
"The complete genome of Rhodococcus sp. RHA1 provides insights into a catabolic powerhouse.","/pubmed/17030794","McLeod MP, Warren RL, Hsiao WW, Araki N, Myhre M, Fernandes C, Miyazawa D, Wong W, Lillquist AL, Wang D, Dosanjh M, Hara H, Petrescu A, Morin RD, Yang G, Stott JM, Schein JE, Shin H, Smailus D, Siddiqui AS, Marra MA, Jones SJ, et al.","Proc Natl Acad Sci U S A. 2006 Oct 17;103(42):15582-7. Epub 2006 Oct 9.","Proc Natl Acad Sci U S A.  2006","PubMed","citation","PMID:17030794 | PMCID:PMC1622865","pubmed","17030794","create date:2006/10/13 | first author:McLeod MP",
"Burkholderia xenovorans LB400 harbors a multi-replicon, 9.73-Mbp genome shaped for versatility.","/pubmed/17030797","Chain PS, Denef VJ, Konstantinidis KT, Vergez LM, Agulló L, Reyes VL, Hauser L, Córdova M, Gómez L, González M, Land M, Lao V, Larimer F, LiPuma JJ, Mahenthiralingam E, Malfatti SA, Marx CJ, Parnell JJ, Ramette A, Richardson P, Seeger M, Smith D, et al.","Proc Natl Acad Sci U S A. 2006 Oct 17;103(42):15280-7. Epub 2006 Oct 9.","Proc Natl Acad Sci U S A.  2006","PubMed","citation","PMID:17030797 | PMCID:PMC1622818","pubmed","17030797","create date:2006/10/13 | first author:Chain PS",
"Qualitative and quantitative analyses of protein phosphorylation in naive and stimulated mouse synaptosomal preparations.","/pubmed/17114649","Munton RP, Tweedie-Cullen R, Livingstone-Zatchej M, Weinandy F, Waidelich M, Longo D, Gehrig P, Potthast F, Rutishauser D, Gerrits B, Panse C, Schlapbach R, Mansuy IM.","Mol Cell Proteomics. 2007 Feb;6(2):283-93. Epub 2006 Nov 17.","Mol Cell Proteomics.  2007","PubMed","citation","PMID:17114649","pubmed","17114649","create date:2006/11/23 | first author:Munton RP",
"Large-scale phosphorylation analysis of mouse liver.","/pubmed/17242355","Villén J, Beausoleil SA, Gerber SA, Gygi SP.","Proc Natl Acad Sci U S A. 2007 Jan 30;104(5):1488-93. Epub 2007 Jan 22.","Proc Natl Acad Sci U S A.  2007","PubMed","citation","PMID:17242355 | PMCID:PMC1785252","pubmed","17242355","create date:2007/01/24 | first author:Villén J",
"Interrupted coding sequences in Mycobacterium smegmatis: authentic mutations or sequencing errors?","/pubmed/17295914","Deshayes C, Perrodou E, Gallien S, Euphrasie D, Schaeffer C, Van-Dorsselaer A, Poch O, Lecompte O, Reyrat JM.","Genome Biol. 2007;8(2):R20.","Genome Biol.  2007","PubMed","citation","PMID:17295914 | PMCID:PMC1852416","pubmed","17295914","create date:2007/02/14 | first author:Deshayes C",
"Characterization of biosynthetic gene cluster for the production of virginiamycin M, a streptogramin type A antibiotic, in Streptomyces virginiae.","/pubmed/17350183","Pulsawat N, Kitani S, Nihira T.","Gene. 2007 May 15;393(1-2):31-42. Epub 2007 Jan 20.","Gene.  2007","PubMed","citation","PMID:17350183","pubmed","17350183","create date:2007/03/14 | first author:Pulsawat N",
"Evolution of symbiotic bacteria in the distal human intestine.","/pubmed/17579514","Xu J, Mahowald MA, Ley RE, Lozupone CA, Hamady M, Martens EC, Henrissat B, Coutinho PM, Minx P, Latreille P, Cordum H, Van Brunt A, Kim K, Fulton RS, Fulton LA, Clifton SW, Wilson RK, Knight RD, Gordon JI.","PLoS Biol. 2007 Jul;5(7):e156. Epub 2007 Jun 19.","PLoS Biol.  2007","PubMed","citation","PMID:17579514 | PMCID:PMC1892571","pubmed","17579514","create date:2007/06/21 | first author:Xu J",
"Regulation of enterocyte apoptosis by acyl-CoA synthetase 5 splicing.","/pubmed/17681178","Gassler N, Roth W, Funke B, Schneider A, Herzog F, Tischendorf JJ, Grund K, Penzel R, Bravo IG, Mariadason J, Ehemann V, Sykora J, Haas TL, Walczak H, Ganten T, Zentgraf H, Erb P, Alonso A, Autschbach F, Schirmacher P, Knüchel R, Kopitz J.","Gastroenterology. 2007 Aug;133(2):587-98. Epub 2007 Jun 8.","Gastroenterology.  2007","PubMed","citation","PMID:17681178","pubmed","17681178","create date:2007/08/08 | first author:Gassler N",
"The genome sequence of the metal-mobilizing, extremely thermoacidophilic archaeon Metallosphaera sedula provides insights into bioleaching-associated metabolism.","/pubmed/18083856","Auernik KS, Maezato Y, Blum PH, Kelly RM.","Appl Environ Microbiol. 2008 Feb;74(3):682-92. Epub 2007 Dec 14.","Appl Environ Microbiol.  2008","PubMed","citation","PMID:18083856 | PMCID:PMC2227735","pubmed","18083856","create date:2007/12/18 | first author:Auernik KS",
"3-Hydroxypropionyl-coenzyme A synthetase from Metallosphaera sedula, an enzyme involved in autotrophic CO2 fixation.","/pubmed/18165310","Alber BE, Kung JW, Fuchs G.","J Bacteriol. 2008 Feb;190(4):1383-9. doi: 10.1128/JB.01593-07. Epub 2007 Dec 28.","J Bacteriol.  2008","PubMed","citation","PMID:18165310 | PMCID:PMC2238213","pubmed","18165310","create date:2008/01/01 | first author:Alber BE",
"Insights from the complete genome sequence of Mycobacterium marinum on the evolution of Mycobacterium tuberculosis.","/pubmed/18403782","Stinear TP, Seemann T, Harrison PF, Jenkin GA, Davies JK, Johnson PD, Abdellah Z, Arrowsmith C, Chillingworth T, Churcher C, Clarke K, Cronin A, Davis P, Goodhead I, Holroyd N, Jagels K, Lord A, Moule S, Mungall K, Norbertczak H, Quail MA, Rabbinowitsch E, et al.","Genome Res. 2008 May;18(5):729-41. doi: 10.1101/gr.075069.107. Epub 2008 Apr 10.","Genome Res.  2008","PubMed","citation","PMID:18403782 | PMCID:PMC2336800","pubmed","18403782","create date:2008/04/12 | first author:Stinear TP",
"The genome of Burkholderia cenocepacia J2315, an epidemic pathogen of cystic fibrosis patients.","/pubmed/18931103","Holden MT, Seth-Smith HM, Crossman LC, Sebaihia M, Bentley SD, Cerdeño-Tárraga AM, Thomson NR, Bason N, Quail MA, Sharp S, Cherevach I, Churcher C, Goodhead I, Hauser H, Holroyd N, Mungall K, Scott P, Walker D, White B, Rose H, Iversen P, Mil-Homens D, et al.","J Bacteriol. 2009 Jan;191(1):261-77. doi: 10.1128/JB.01230-08. Epub 2008 Oct 17. Erratum in: J Bacteriol. 2009 Apr;191(8):2907. ","J Bacteriol.  2009","PubMed","citation","PMID:18931103 | PMCID:PMC2612433","pubmed","18931103","create date:2008/10/22 | first author:Holden MT",
"A whole-genome assembly of the domestic cow, Bos taurus.","/pubmed/19393038","Zimin AV, Delcher AL, Florea L, Kelley DR, Schatz MC, Puiu D, Hanrahan F, Pertea G, Van Tassell CP, Sonstegard TS, Marçais G, Roberts M, Subramanian P, Yorke JA, Salzberg SL.","Genome Biol. 2009;10(4):R42. doi: 10.1186/gb-2009-10-4-r42. Epub 2009 Apr 24.","Genome Biol.  2009","PubMed","citation","PMID:19393038 | PMCID:PMC2688933","pubmed","19393038","create date:2009/04/28 | first author:Zimin AV",
"Lineage-specific biology revealed by a finished genome assembly of the mouse.","/pubmed/19468303","Church DM, Goodstadt L, Hillier LW, Zody MC, Goldstein S, She X, Bult CJ, Agarwala R, Cherry JL, DiCuccio M, Hlavina W, Kapustin Y, Meric P, Maglott D, Birtle Z, Marques AC, Graves T, Zhou S, Teague B, Potamousis K, Churas C, Place M, et al.","PLoS Biol. 2009 May 5;7(5):e1000112. doi: 10.1371/journal.pbio.1000112. Epub 2009 May 26.","PLoS Biol.  2009","PubMed","citation","PMID:19468303 | PMCID:PMC2680341","pubmed","19468303","create date:2009/05/27 | first author:Church DM",
"The complete genome sequence of the algal symbiont Dinoroseobacter shibae: a hitchhiker's guide to life in the sea.","/pubmed/19741735","Wagner-Döbler I, Ballhausen B, Berger M, Brinkhoff T, Buchholz I, Bunk B, Cypionka H, Daniel R, Drepper T, Gerdts G, Hahnke S, Han C, Jahn D, Kalhoefer D, Kiss H, Klenk HP, Kyrpides N, Liebl W, Liesegang H, Meincke L, Pati A, Petersen J, et al.","ISME J. 2010 Jan;4(1):61-77. doi: 10.1038/ismej.2009.94. Epub 2009 Sep 10.","ISME J.  2010","PubMed","citation","PMID:19741735","pubmed","19741735","create date:2009/09/11 | first author:Wagner-Döbler I",
"Identification of the viridicatumtoxin and griseofulvin gene clusters from Penicillium aethiopicum.","/pubmed/20534346","Chooi YH, Cacho R, Tang Y.","Chem Biol. 2010 May 28;17(5):483-94. doi: 10.1016/j.chembiol.2010.03.015.","Chem Biol.  2010","PubMed","citation","PMID:20534346 | PMCID:PMC2884005","pubmed","20534346","create date:2010/06/11 | first author:Chooi YH",
"Crystal structures of a Populus tomentosa 4-coumarate:CoA ligase shed light on its enzymatic mechanisms.","/pubmed/20841425","Hu Y, Gai Y, Yin L, Wang X, Feng C, Feng L, Li D, Jiang XN, Wang DC.","Plant Cell. 2010 Sep;22(9):3093-104. doi: 10.1105/tpc.109.072652. Epub 2010 Sep 14.","Plant Cell.  2010","PubMed","citation","PMID:20841425 | PMCID:PMC2965553","pubmed","20841425","create date:2010/09/16 | first author:Hu Y",
"The nonribosomal peptide synthetase enzyme DdaD tethers N(β)-fumaramoyl-l-2,3-diaminopropionate for Fe(II)/α-ketoglutarate-dependent epoxidation by DdaC during dapdiamide antibiotic biosynthesis.","/pubmed/20945916","Hollenhorst MA, Bumpus SB, Matthews ML, Bollinger JM Jr, Kelleher NL, Walsh CT.","J Am Chem Soc. 2010 Nov 10;132(44):15773-81. doi: 10.1021/ja1072367. Erratum in: J Am Chem Soc. 2011 Feb 9;133(5):1609. ","J Am Chem Soc.  2010","PubMed","citation","PMID:20945916 | PMCID:PMC2974046","pubmed","20945916","create date:2010/10/16 | first author:Hollenhorst MA",
"Fungal indole alkaloid biosynthesis: genetic and biochemical investigation of the tryptoquialanine pathway in Penicillium aethiopicum.","/pubmed/21299212","Gao X, Chooi YH, Ames BD, Wang P, Walsh CT, Tang Y.","J Am Chem Soc. 2011 Mar 2;133(8):2729-41. doi: 10.1021/ja1101085. Epub 2011 Feb 7.","J Am Chem Soc.  2011","PubMed","citation","PMID:21299212 | PMCID:PMC3045477","pubmed","21299212","create date:2011/02/09 | first author:Gao X",
"Complete genome sequence of Dyadobacter fermentans type strain (NS114).","/pubmed/21304649","Lang E, Lapidus A, Chertkov O, Brettin T, Detter JC, Han C, Copeland A, Glavina Del Rio T, Nolan M, Chen F, Lucas S, Tice H, Cheng JF, Land M, Hauser L, Chang YJ, Jeffries CD, Kopitz M, Bruce D, Goodwin L, Pitluck S, Ovchinnikova G, et al.","Stand Genomic Sci. 2009 Sep 24;1(2):133-40. doi: 10.4056/sigs.19262.","Stand Genomic Sci.  2009","PubMed","citation","PMID:21304649 | PMCID:PMC3035232","pubmed","21304649","create date:2009/01/01 | first author:Lang E",
"Biosynthetic gene cluster of the non-ribosomally synthesized cyclodepsipeptide skyllamycin: deciphering unprecedented ways of unusual hydroxylation reactions.","/pubmed/21456593","Pohle S, Appelt C, Roux M, Fiedler HP, Süssmuth RD.","J Am Chem Soc. 2011 Apr 27;133(16):6194-205. doi: 10.1021/ja108971p. Epub 2011 Apr 1.","J Am Chem Soc.  2011","PubMed","citation","PMID:21456593","pubmed","21456593","create date:2011/04/05 | first author:Pohle S",
"FadD19 of Rhodococcus rhodochrous DSM43269, a steroid-coenzyme A ligase essential for degradation of C-24 branched sterol side chains.","/pubmed/21602385","Wilbrink MH, Petrusma M, Dijkhuizen L, van der Geize R.","Appl Environ Microbiol. 2011 Jul;77(13):4455-64. doi: 10.1128/AEM.00380-11. Epub 2011 May 20.","Appl Environ Microbiol.  2011","PubMed","citation","PMID:21602385 | PMCID:PMC3127730","pubmed","21602385","create date:2011/05/24 | first author:Wilbrink MH",
"Genome sequence of the marine photoheterotrophic bacterium Erythrobacter sp. strain NAP1.","/pubmed/21952547","Koblízek M, Janouskovec J, Oborník M, Johnson JH, Ferriera S, Falkowski PG.","J Bacteriol. 2011 Oct;193(20):5881-2. doi: 10.1128/JB.05845-11.","J Bacteriol.  2011","PubMed","citation","PMID:21952547 | PMCID:PMC3187229","pubmed","21952547","create date:2011/09/29 | first author:Koblízek M",
"High quality draft genome sequence of Segniliparus rugosus CDC 945(T)= (ATCC BAA-974(T)).","/pubmed/22675588","Earl AM, Desjardins CA, Fitzgerald MG, Arachchi HM, Zeng Q, Mehta T, Griggs A, Birren BW, Toney NC, Carr J, Posey J, Butler WR.","Stand Genomic Sci. 2011 Dec 31;5(3):389-97. doi: 10.4056/sigs.2255041. Epub 2011 Dec 30.","Stand Genomic Sci.  2011","PubMed","citation","PMID:22675588 | PMCID:PMC3368418","pubmed","22675588","create date:2012/06/08 | first author:Earl AM",
"Acetate activation in Methanosaeta thermophila: characterization of the key enzymes pyrophosphatase and acetyl-CoA synthetase.","/pubmed/22927778","Berger S, Welte C, Deppenmeier U.","Archaea. 2012;2012:315153. doi: 10.1155/2012/315153. Epub 2012 Aug 15.","Archaea.  2012","PubMed","citation","PMID:22927778 | PMCID:PMC3426162","pubmed","22927778","create date:2012/08/29 | first author:Berger S",
"Structural basis of functional group activation by sulfotransferases in complex metabolic pathways.","/pubmed/22991895","McCarthy JG, Eisman EB, Kulkarni S, Gerwick L, Gerwick WH, Wipf P, Sherman DH, Smith JL.","ACS Chem Biol. 2012 Dec 21;7(12):1994-2003. doi: 10.1021/cb300385m. Epub 2012 Sep 26.","ACS Chem Biol.  2012","PubMed","citation","PMID:22991895 | PMCID:PMC3528841","pubmed","22991895","create date:2012/09/21 | first author:McCarthy JG",
"Identification and characterization of the echinocandin B biosynthetic gene cluster from Emericella rugulosa NRRL 11440.","/pubmed/22998630","Cacho RA, Jiang W, Chooi YH, Walsh CT, Tang Y.","J Am Chem Soc. 2012 Oct 10;134(40):16781-90. doi: 10.1021/ja307220z. Epub 2012 Oct 1.","J Am Chem Soc.  2012","PubMed","citation","PMID:22998630 | PMCID:PMC3482383","pubmed","22998630","create date:2012/09/25 | first author:Cacho RA",
"The zebrafish reference genome sequence and its relationship to the human genome.","/pubmed/23594743","Howe K, Clark MD, Torroja CF, Torrance J, Berthelot C, Muffato M, Collins JE, Humphray S, McLaren K, Matthews L, McLaren S, Sealy I, Caccamo M, Churcher C, Scott C, Barrett JC, Koch R, Rauch GJ, White S, Chow W, Kilian B, Quintais LT, et al.","Nature. 2013 Apr 25;496(7446):498-503. doi: 10.1038/nature12111. Epub 2013 Apr 17. Erratum in: Nature. 2014 Jan 9;505(7482):248. Cooper, James [corrected to Cooper, James D]; Eliott, David [corrected to Elliot, David]; Mortimer, Beverly [corrected to Mortimore, Beverley]; Begum, Sharmin [added]; Lloyd, Christine [added]; Lanz, Christa [added]; Raddatz, Günter [added]; Schuster, Ste. ","Nature.  2013","PubMed","citation","PMID:23594743 | PMCID:PMC3703927","pubmed","23594743","create date:2013/04/19 | first author:Howe K",
"Genomics-driven discovery of the pneumocandin biosynthetic gene cluster in the fungus Glarea lozoyensis.","/pubmed/23688303","Chen L, Yue Q, Zhang X, Xiang M, Wang C, Li S, Che Y, Ortiz-López FJ, Bills GF, Liu X, An Z.","BMC Genomics. 2013 May 20;14:339. doi: 10.1186/1471-2164-14-339.","BMC Genomics.  2013","PubMed","citation","PMID:23688303 | PMCID:PMC3672099","pubmed","23688303","create date:2013/05/22 | first author:Chen L",
"Analysis of the genome and transcriptome of Cryptococcus neoformans var. grubii reveals complex RNA expression and microevolution leading to virulence attenuation.","/pubmed/24743168","Janbon G, Ormerod KL, Paulet D, Byrnes EJ 3rd, Yadav V, Chatterjee G, Mullapudi N, Hon CC, Billmyre RB, Brunel F, Bahn YS, Chen W, Chen Y, Chow EW, Coppée JY, Floyd-Averette A, Gaillardin C, Gerik KJ, Goldberg J, Gonzalez-Hilarion S, Gujja S, Hamlin JL, et al.","PLoS Genet. 2014 Apr 17;10(4):e1004261. doi: 10.1371/journal.pgen.1004261. eCollection 2014 Apr.","PLoS Genet.  2014","PubMed","citation","PMID:24743168 | PMCID:PMC3990503","pubmed","24743168","create date:2014/04/20 | first author:Janbon G",
"The structure of S. lividans acetoacetyl-CoA synthetase shows a novel interaction between the C-terminal extension and the N-terminal domain.","/pubmed/25488501","Mitchell CA, Tucker AC, Escalante-Semerena JC, Gulick AM.","Proteins. 2015 Mar;83(3):575-81. doi: 10.1002/prot.24738. Epub 2015 Jan 5.","Proteins.  2015","PubMed","citation","PMID:25488501 | PMCID:PMC4329092","pubmed","25488501","create date:2014/12/10 | first author:Mitchell CA",
"Structural Insights into Anthranilate Priming during Type II Polyketide Biosynthesis.","/pubmed/26473393","Jackson DR, Tu SS, Nguyen M, Barajas JF, Schaub AJ, Krug D, Pistorius D, Luo R, Müller R, Tsai SC.","ACS Chem Biol. 2016 Jan 15;11(1):95-103. doi: 10.1021/acschembio.5b00500. Epub 2015 Nov 3.","ACS Chem Biol.  2016","PubMed","citation","PMID:26473393","pubmed","26473393","create date:2015/10/17 | first author:Jackson DR",
"Crystal structure of FadD32, an enzyme essential for mycolic acid biosynthesis in mycobacteria.","/pubmed/26628098","Li W, Gu S, Fleming J, Bi L.","Sci Rep. 2015 Dec 2;5:15493. doi: 10.1038/srep15493.","Sci Rep.  2015","PubMed","citation","PMID:26628098 | PMCID:PMC4667280","pubmed","26628098","create date:2015/12/03 | first author:Li W",
"Discovery of cahuitamycins as biofilm inhibitors derived from a convergent biosynthetic pathway.","/pubmed/26880271","Park SR, Tripathi A, Wu J, Schultz PJ, Yim I, McQuade TJ, Yu F, Arevang CJ, Mensah AY, Tamayo-Castillo G, Xi C, Sherman DH.","Nat Commun. 2016 Feb 16;7:10710. doi: 10.1038/ncomms10710.","Nat Commun.  2016","PubMed","citation","PMID:26880271 | PMCID:PMC4757757","pubmed","26880271","create date:2016/02/18 | first author:Park SR",
"Genome evolution in the allotetraploid frog Xenopus laevis.","/pubmed/27762356","Session AM, Uno Y, Kwon T, Chapman JA, Toyoda A, Takahashi S, Fukui A, Hikosaka A, Suzuki A, Kondo M, van Heeringen SJ, Quigley I, Heinz S, Ogino H, Ochi H, Hellsten U, Lyons JB, Simakov O, Putnam N, Stites J, Kuroki Y, Tanaka T, et al.","Nature. 2016 Oct 20;538(7625):336-343. doi: 10.1038/nature19840.","Nature.  2016","PubMed","citation","PMID:27762356 | PMCID:PMC5313049","pubmed","27762356","create date:2016/10/21 | first author:Session AM",
"Structural and mutational analysis of the nonribosomal peptide synthetase heterocyclization domain provides insight into catalysis.","/pubmed/27994138","Bloudoff K, Fage CD, Marahiel MA, Schmeing TM.","Proc Natl Acad Sci U S A. 2017 Jan 3;114(1):95-100. doi: 10.1073/pnas.1614191114. Epub 2016 Dec 19.","Proc Natl Acad Sci U S A.  2017","PubMed","citation","PMID:27994138 | PMCID:PMC5224394","pubmed","27994138","create date:2016/12/21 | first author:Bloudoff K",
"Biochemical characterization and structural insight into aliphatic β-amino acid adenylation enzymes IdnL1 and CmiS6.","/pubmed/28316096","Cieślak J, Miyanaga A, Takaku R, Takaishi M, Amagai K, Kudo F, Eguchi T.","Proteins. 2017 Jul;85(7):1238-1247. doi: 10.1002/prot.25284. Epub 2017 Mar 29.","Proteins.  2017","PubMed","citation","PMID:28316096","pubmed","28316096","create date:2017/03/21 | first author:Cieślak J",
"Structure of the adenylation domain Thr1 involved in the biosynthesis of 4-chlorothreonine in Streptomyces sp. OH-5093-protein flexibility and molecular bases of substrate specificity.","/pubmed/28704585","Scaglione A, Fullone MR, Montemiglio LC, Parisi G, Zamparelli C, Vallone B, Savino C, Grgurina I.","FEBS J. 2017 Sep;284(18):2981-2999. doi: 10.1111/febs.14163. Epub 2017 Aug 7.","FEBS J.  2017","PubMed","citation","PMID:28704585","pubmed","28704585","create date:2017/07/14 | first author:Scaglione A",
"The Broad Aryl Acid Specificity of the Amide Bond Synthetase McbA Suggests Potential for the Biocatalytic Synthesis of Amides.","/pubmed/30035356","Petchey M, Cuetos A, Rowlinson B, Dannevald S, Frese A, Sutton PW, Lovelock S, Lloyd RC, Fairlamb IJS, Grogan G.","Angew Chem Int Ed Engl. 2018 Sep 3;57(36):11584-11588. doi: 10.1002/anie.201804592. Epub 2018 Aug 7.","Angew Chem Int Ed Engl.  2018","PubMed","citation","PMID:30035356 | PMCID:PMC6282839","pubmed","30035356","create date:2018/07/24 | first author:Petchey M",
